[{
	"index": 1,
	"name": "Common",
	"type": "Standard",
	"typical_speakers": ["Humans"],
	"script": "Common",
	"url": "http://www.dnd5eapi.co/api/languages/1"
}, {
	"index": 2,
	"name": "Dwarvish",
	"type": "Standard",
	"typical_speakers": ["Dwarves"],
	"script": "Dwarvish",
	"url": "http://www.dnd5eapi.co/api/languages/2"
}, {
	"index": 3,
	"name": "Elvish",
	"type": "Standard",
	"typical_speakers": ["Elves"],
	"script": "Elvish",
	"url": "http://www.dnd5eapi.co/api/languages/3"
}, {
	"index": 4,
	"name": "Giant",
	"type": "Standard",
	"typical_speakers": ["Ogres", "Giants"],
	"script": "Dwarvish",
	"url": "http://www.dnd5eapi.co/api/languages/4"
}, {
	"index": 5,
	"name": "Gnomish",
	"type": "Standard",
	"typical_speakers": ["Gnomes"],
	"script": "Dwarvish",
	"url": "http://www.dnd5eapi.co/api/languages/5"
}, {
	"index": 6,
	"name": "Goblin",
	"type": "Standard",
	"typical_speakers": ["Goblinoids"],
	"script": "Dwarvish",
	"url": "http://www.dnd5eapi.co/api/languages/6"
}, {
	"index": 7,
	"name": "Halfling",
	"type": "Standard",
	"typical_speakers": ["Halflings"],
	"script": "Common",
	"url": "http://www.dnd5eapi.co/api/languages/7"
}, {
	"index": 8,
	"name": "Orc",
	"type": "Standard",
	"typical_speakers": ["Orcs"],
	"script": "Dwarvish",
	"url": "http://www.dnd5eapi.co/api/languages/8"
}, {
	"index": 9,
	"name": "Abyssal",
	"type": "Exotic",
	"typical_speakers": ["Demons"],
	"script": "Infernal",
	"url": "http://www.dnd5eapi.co/api/languages/9"
}, {
	"index": 10,
	"name": "Celestial",
	"type": "Exotic",
	"typical_speakers": ["Celestials"],
	"script": "Celestial",
	"url": "http://www.dnd5eapi.co/api/languages/10"
}, {
	"index": 11,
	"name": "Draconic",
	"type": "Exotic",
	"typical_speakers": ["Dragons", "Dragonborn"],
	"script": "Draconic",
	"url": "http://www.dnd5eapi.co/api/languages/11"
}, {
	"index": 12,
	"name": "Deep Speech",
	"type": "Exotic",
	"typical_speakers": ["Mindflayers", "Beholders"],
	"script": "none",
	"url": "http://www.dnd5eapi.co/api/languages/12"
}, {
	"index": 13,
	"name": "Infernal",
	"type": "Exotic",
	"typical_speakers": ["Devils", "Tieflings"],
	"script": "Infernal",
	"url": "http://www.dnd5eapi.co/api/languages/13"
}, {
	"index": 14,
	"name": "Primordial",
	"type": "Exotic",
	"typical_speakers": ["Elementals"],
	"script": "Dwarvish",
	"url": "http://www.dnd5eapi.co/api/languages/14"
}, {
	"index": 15,
	"name": "Sylvan",
	"type": "Exotic",
	"typical_speakers": ["Fey Creatures"],
	"script": "Elvish",
	"url": "http://www.dnd5eapi.co/api/languages/15"
}, {
	"index": 16,
	"name": "Undercommon",
	"type": "Exotic",
	"typical_speakers": ["Underdark Traders"],
	"script": "Elvish",
	"url": "http://www.dnd5eapi.co/api/languages/16"
}]
