[
	{
		"index": 1,
		"name": "Hill Dwarf",
		"race": {
			"url": "http://www.dnd5eapi.co/api/races/1",
			"name": "Dwarf"
		},
		"desc": "As a hill dwarf, you have keen senses, deep intuition, and remarkable resilience.",
		"ability_bonuses": [
			{
				"name": "WIS",
				"url": "http://www.dnd5eapi.co/api/ability-scores/5",
				"bonus": 1
			}
		],
		"ability_bonus_options": {},
		"starting_proficiencies": [],
		"starting_proficiency_options": {

		},
		"languages": [],
		"language_options": {

		},
		"racial_traits": [
			{
				"url": "http://www.dnd5eapi.co/api/traits/4",
				"name": "Dwarven Toughness"
			}
		],
		"racial_trait_options": {},
		"url": "http://www.dnd5eapi.co/api/subraces/1"
	},
	{
		"index": 2,
		"name": "High Elf",
		"race": {
			"url": "http://www.dnd5eapi.co/api/races/2",
			"name": "Elf"
		},
		"desc": "As a high elf, you have a keen mind and a mastery of at least the basics of magic. In many fantasy gaming worlds, there are two kinds of high elves. One type is haughty and reclusive, believing themselves to be superior to non-elves and even other elves. The other type is more common and more friendly, and often encountered among humans and other races.",
		"ability_bonuses": [
			{
				"name": "INT",
				"url": "http://www.dnd5eapi.co/api/ability-scores/4",
				"bonus": 1
			}
		],
		"ability_bonus_options": {},
		"starting_proficiencies": [
			{
				"url": "http://www.dnd5eapi.co/api/proficiencies/42",
				"name": "Longswords"
			},
			{
				"url": "http://www.dnd5eapi.co/api/proficiencies/48",
				"name": "Shortswords"
			},
			{
				"url": "http://www.dnd5eapi.co/api/proficiencies/33",
				"name": "Shortbows"
			},
			{
				"url": "http://www.dnd5eapi.co/api/proficiencies/56",
				"name": "Longbows"
			}
		],
		"starting_proficiency_options": {

		},
		"languages": [],
		"language_options": {
			"choose": 1,
			"from": [
				{
					"url": "http://www.dnd5eapi.co/api/languages/2",
					"name": "Dwarvish"
				},
				{
					"url": "http://www.dnd5eapi.co/api/languages/4",
					"name": "Giant"
				},
				{
					"url": "http://www.dnd5eapi.co/api/languages/5",
					"name": "Gnomish"
				},
				{
					"url": "http://www.dnd5eapi.co/api/languages/6",
					"name": "Goblin"
				},
				{
					"url": "http://www.dnd5eapi.co/api/languages/7",
					"name": "Halfling"
				},
				{
					"url": "http://www.dnd5eapi.co/api/languages/8",
					"name": "Orc"
				},
				{
					"url": "http://www.dnd5eapi.co/api/languages/9",
					"name": "Abyssal"
				},
				{
					"url": "http://www.dnd5eapi.co/api/languages/10",
					"name": "Celestial"
				},
				{
					"url": "http://www.dnd5eapi.co/api/languages/11",
					"name": "Draconic"
				},
				{
					"url": "http://www.dnd5eapi.co/api/languages/12",
					"name": "Deep Speech"
				},
				{
					"url": "http://www.dnd5eapi.co/api/languages/13",
					"name": "Infernal"
				},
				{
					"url": "http://www.dnd5eapi.co/api/languages/14",
					"name": "Primordial"
				},
				{
					"url": "http://www.dnd5eapi.co/api/languages/15",
					"name": "Sylvan"
				},
				{
					"url": "http://www.dnd5eapi.co/api/languages/16",
					"name": "Undercommon"
				}
			],
			"type": "language"
		},
		"racial_traits": [],
  "racial_trait_options":
			{
				"choose": 1,
				"from": [
					{
						"url": "http://www.dnd5eapi.co/api/traits/10",
						"name": "High Elf Cantrip: Light"
					},
					{
						"url": "http://www.dnd5eapi.co/api/traits/10",
						"name": "High Elf Cantrip: Mage Hand"
					},
					{
						"url": "http://www.dnd5eapi.co/api/traits/10",
						"name": "High Elf Cantrip: Mending"
					},
					{
						"url": "http://www.dnd5eapi.co/api/traits/10",
						"name": "High Elf Cantrip: Message"
					},
					{
						"url": "http://www.dnd5eapi.co/api/traits/10",
						"name": "High Elf Cantrip: Minor Illusion"
					},
					{
						"url": "http://www.dnd5eapi.co/api/traits/10",
						"name": "High Elf Cantrip: Acid Splash"
					},
					{
						"url": "http://www.dnd5eapi.co/api/traits/10",
						"name": "High Elf Cantrip: Prestidigitation"
					},
					{
						"url": "http://www.dnd5eapi.co/api/traits/10",
						"name": "High Elf Cantrip: Ray of Frost"
					},
					{
						"url": "http://www.dnd5eapi.co/api/traits/10",
						"name": "High Elf Cantrip: Shocking Grasp"
					},
					{
						"url": "http://www.dnd5eapi.co/api/traits/10",
						"name": "High Elf Cantrip: True Strike"
					},
					{
						"url": "http://www.dnd5eapi.co/api/traits/10",
						"name": "High Elf Cantrip: Chill Touch"
					},
					{
						"url": "http://www.dnd5eapi.co/api/traits/10",
						"name": "High Elf Cantrip: Dancing Lights"
					}
				],
				"type": "trait"
			}
		,
		"url": "http://www.dnd5eapi.co/api/subraces/2"
	},
	{
		"index": 3,
		"name": "Lightfoot Halfling",
		"race": {
			"url": "http://www.dnd5eapi.co/api/races/3",
			"name": "Halfling"
		},
		"desc": "As a lightfoot halfling, you can easily hide from notice, even using other people as cover. You're inclined to be affable and get along well with others. Lightfoots are more prone to wanderlust than other halflings, and often dwell alongside other races or take up a nomadic life.",
		"ability_bonuses": [
			{
				"name": "CHA",
				"url": "http://www.dnd5eapi.co/api/ability-scores/6",
				"bonus": 1
			}
		],
		"ability_bonus_options": {},
		"starting_proficiencies": [],
		"starting_proficiency_options": {

		},
		"languages": [],
		"language_options": {

		},
		"racial_traits": [
			{
				"url": "http://www.dnd5eapi.co/api/traits/23",
				"name": "Naturally Stealthy"
			}
		],
		"racial_trait_options": {},
		"url": "http://www.dnd5eapi.co/api/subraces/3"
	},
	{
		"index": 4,
		"name": "Mountain Dwarf",
		"race": {
			"url": "http://www.dnd5eapi.co/api/races/1",
			"name": "Dwarf"
		},
		"desc": "As a mountain dwarf, you're strong and hardy, accustomed to a difficult life in rugged terrain. You're probably on the tall side (for a dwarf), and tend toward lighter coloration.",
		"ability_bonuses": [
			{
				"name": "STR",
				"url": "http://www.dnd5eapi.co/api/ability-scores/1",
				"bonus": 2
			}
		],
		"starting_proficiencies": [
			{
				"url": "http://www.dnd5eapi.co/api/proficiencies/2",
				"name": "Medium armor"
			},
			{
				"url": "http://www.dnd5eapi.co/api/proficiencies/3",
				"name": "Heavy armor"
			}
		],
		"starting_proficiency_options": {},
		"languages": [],
		"language_options": {

		},
		"racial_traits": [],
		"racial_trait_options": {},
		"url": "http://www.dnd5eapi.co/api/subraces/4"
	},
	{
		"index": 5,
		"name": "Wood Elf",
		"race": {
			"url": "http://www.dnd5eapi.co/api/races/2",
			"name": "Elf"
		},
		"desc": "As a wood elf, you have keen senses and intuition, and your fleet feet carry you quickly through your native forests.",
		"ability_bonuses": [
			{
				"name": "WIS",
				"url": "http://www.dnd5eapi.co/api/ability-scores/5",
				"bonus": 1
			}
		],
		"ability_bonus_options": {},
		"starting_proficiencies": [
			{
				"url": "http://www.dnd5eapi.co/api/proficiencies/42",
				"name": "Longswords"
			},
			{
				"url": "http://www.dnd5eapi.co/api/proficiencies/48",
				"name": "Shortswords"
			},
			{
				"url": "http://www.dnd5eapi.co/api/proficiencies/33",
				"name": "Shortbows"
			},
			{
				"url": "http://www.dnd5eapi.co/api/proficiencies/56",
				"name": "Longbows"
			}
		],
		"starting_proficiency_options": {},
		"languages": [],
		"language_options": {

		},
		"racial_traits": [
			{
				"url": "http://www.dnd5eapi.co/api/traits/37",
				"name": "Fleet of Foot"
			},
			{
				"url": "http://www.dnd5eapi.co/api/traits/38",
				"name": "Mask of the Wild"
			}
		],
		"racial_trait_options": {},
		"url": "http://www.dnd5eapi.co/api/subraces/5"
	},
	{
		"index": 6,
		"name": "Dark Elf (Drow)",
		"race": {
			"url": "http://www.dnd5eapi.co/api/races/2",
			"name": "Elf"
		},
		"desc": "As a wood elf, you have keen senses and intuition, and your fleet feet carry you quickly through your native forests.",
		"ability_bonuses": [
			{
				"name": "CHA",
				"url": "http://www.dnd5eapi.co/api/ability-scores/6",
				"bonus": 1
			}
		],
		"ability_bonus_options": {},
		"starting_proficiencies": [
			{
				"url": "http://www.dnd5eapi.co/api/proficiencies/46",
				"name": "Rapiers"
			},
			{
				"url": "http://www.dnd5eapi.co/api/proficiencies/48",
				"name": "Shortswords"
			},
			{
				"url": "http://www.dnd5eapi.co/api/proficiencies/54",
				"name": "Crossbows, hand"
			}
		],
		"starting_proficiency_options": {},
		"languages": [],
		"language_options": {

		},
		"racial_traits": [
			{
				"url": "http://www.dnd5eapi.co/api/traits/39",
				"name": "Superior Darkvision"
			},
			{
				"url": "http://www.dnd5eapi.co/api/traits/40",
				"name": "Sunlight Sensitivity"
			},
			{
				"url": "http://www.dnd5eapi.co/api/traits/41",
				"name": "Drow Magic"
			}
		],
		"racial_trait_options": {},
		"url": "http://www.dnd5eapi.co/api/subraces/6"
  }, {
    "index": 7,
    "name": "Rock Gnome",
    "race": {
      "url": "http://www.dnd5eapi.co/api/races/6",
      "name": "Gnome"
    },
    "desc": "As a rock gnome, you have a natural inventiveness and hardiness beyond that of other gnomes.",
    "ability_bonuses": [
      0,
      0,
      1,
      0,
      0,
      0
    ],
    "starting_proficiencies": [],
    "starting_proficiency_options": {},
    "languages": [{
      "url": "http://www.dnd5eapi.co/api/languages/1",
      "name": "Common"
    }, {
      "url": "http://www.dnd5eapi.co/api/languages/5",
      "name": "Gnomish"
    }],
    "language_options": {},
    "racial_traits": [{
      "name": "Darkvision",
      "url": "http://www.dnd5eapi.co/api/traits/1"
    }, {
      "name": "Gnome Cunning",
      "url": "http://www.dnd5eapi.co/api/traits/19"
    }, {
      "name": "Artificer's Lore",
      "url": "http://www.dnd5eapi.co/api/traits/20"
    }, {
      "name": "Tinker",
      "url": "http://www.dnd5eapi.co/api/traits/21"
    }],
    "racial_trait_options": {},
    "url": "http://www.dnd5eapi.co/api/subraces/7"
  }
]
